id,name
1001,Onegai! Cinderella
1002,Kagayaku Sekai no Mahou
1003,We're the friends!
1004,Message
1005,Susume☆Otome ~jewel parade~ (CUTE VERSION)
1006,Susume☆Otome ~jewel parade~ (COOL VERSION)
1007,Susume☆Otome ~jewel parade~ (PASSION VERSION)
1008,Susume☆Otome ~jewel parade~
1009,Atashi Ponkotsu Android
1010,Nation Blue
1011,Orange Sapphire
1012,Orgel no Kobako
1013,Zettai Tokken Shuchou Shimasuu!
1014,Pastel Pink na Koi
1015,Gokigen Party Night (CUTE VERSION)
1016,Gokigen Party Night (COOL VERSION)
1017,Gokigen Party Night (PASSION VERSION)
1018,Gokigen Party Night
1019,Gokigen Party Night
1020,Absolute NIne
1021,Tsubomi
1022,Ashita Mata Aeru yo ne
1023,Saite Jewel
1024,Kimi ni Ippai☆
1025,Near to You (CUTE VERSION)
1026,Near to You (COOL VERSION)
1027,Near to You (PASSION VERSION)
1028,Near to You
1029,EVERMORE
1030,Treasure☆
1031,Take me☆Take you
1032,Take me☆Take you
1033,Kimi no Soba de Zutto
1034,Halloween♥Code
1035,Akikaze ni Te o Futte
1036,Koi ga Saku Kisetsu
1037,Fuyuzora Precious
1038,Kimi no Soba de Zutto
1039,Koikaze -Hanaba-
1040,always
1041,Frost
1042,Twintail no Kaze
1043,Tulip (SP VERSION)
1044,Spring Screaming
1045,Sakura no Kaze
1046,HARURUNRUN
1047,Koi ga Saku Kisetsu
1048,always
1049,Gin no Iruka to Atsui Kaze
1050,Trust me
1051,Kimi e no Uta
1052,Mikansei no Rekishi
1053,Natsu Koi -NATSU KOI-
1054,Kuusou Tansa Keikaku
1055,Sun! High! Gold!
1056,Yume o Nozoitara
1057,Yume o Nozoitara (for BEST3 VERSION)
1201,Onegai! Cinderella (GRAND VERSION)
1901,Onegai! Cinderella
1902,BEYOND THE STARLIGHT
2001,Love Letter
2002,Jet to the Future
2003,AnKira!? Kyousoukyoku
2004,Jounetsu Fun Fanfare
2005,ANSWER
2006,Mouretsu★Yonaoshi Guilty!
2007,Kawaii make MY day!
2008,Souyoku no Aria
2009,Twin☆kle★Tail
2010,Trinity Field
2011,Bi ni Irisai o Ugatsu
2012,Virgin Love
2013,Decoboco Speed Star
2014,Crazy Crazy
2015,Pretty Liar
2016,Undead Dance Rock
2017,Sunshine See May
2018,Palette
2019,Needle Light
2020,Giyuu Ninkyou Hanafubuki
2021,Spice Paradise
2022,Fascinate
2023,O-Ku-Ri-Mo-No Sunday!
2024,Babel
2025,Step & Skip
2026,Gossip Club
2027,Secret Daybreak
2028,Gyutto Milky Way
2029,Shiawase no Rule
2030,Gaze and Gaze
2031,Kagayake! Beat Shooter
2032,Great Journey
2033,Otaku is LOVE!
2034,Hohoemi Diary
2035,Hero Versus Reinanjou
2036,Orange Time
3001,S(mile)ING!
3002,Never say never
3003,Mitsuboshi☆☆★
3004,Kazeiro Melody
3005,Tsubomi Yumemiru Rapsodia ~Alma no Michibiki~
3006,Marshmallow☆Kiss
3007,Anzu no Uta
3008,You're stars shine on me
3009,DOKIDOKI Rhythm
3010,Onedari Shall We~?
3011,Venus Syndrome
3012,Romantic Now
3013,Chocolat Tiara
3014,Twilight Sky
3015,TOKIMEKI Escalate
3016,Koikaze
3017,Naked Romance
3018,Apple Pie Princess
3019,Angel Breeze
3020,Nekketsu Otome A
3021,Marchen Debut!
3022,To my darling...
3023,Everyday Dream
3024,Chiisana Koi no Misshitsu Jiken
3025,Osanpo Camera
3026,Dokukinoko Densetsu
3027,2nd SIDE
3028,Hakka -Hakka-
3029,Hanakanzashi HANAKANZASHI
3030,Miracle Telepathy
3031,Bright Blue
3032,Kimochi ii yo ne Ittoushou!
3033,Ki-ma-gu-re☆Cafe au lait!
3034,Hotel Moonside
3035,Minna no Kimochi
3036,in fact
3037,Can't Stop!!
3038,Himitsu no Toilette
3039,Ao no Ichibanboshi
3040,La Vie en Rose
3041,Radio Happy
3042,Koiiro Energy
3043,Kyoumei Sekai no Ontology
3044,lilac time
3045,Koi no Hamburg♪
3046,Oikaze Running
3047,One Life
3048,Inori no Hana
3049,Rakuen
3050,Last Kiss
3051,Onna no Michi wa Hoshi no Michi
3052,Tani no Soko de Saku Hana wa
3053,Mori no Kuni Kara
3054,Sugar Heart☆Revolution
3055,Claw My Heart
3056,Arakane no Utsuwa
3057,OTAHEN Anthem
3058,Haru Koi Frame
3059,Watashiiro no Prelude
3060,Oyamatope♪
3061,Sekai Metsubou or KISS
3201,Hamikami days
3202,AnemoneStar
3203,Step!
3204,Nyan to☆Spectacle
3205,SUPERLOVE☆
3206,NUDIE★
3207,Sora to Kaze to Koi no Waltz
3208,Sparkling Girl
3211,Aozora Relation
5001,Star!!
5002,Yuubae Present
5003,GOIN'!!!
5004,Dekitate Evo! Revo! Generation!
5005,Happy×2 Days
5006,-ENGEL- Adanasu Tsurugi Hikari no Shirabe
5007,Memories
5008,Over!!
5009,LET'S GO HAPPY!!
5010,Shine!!
5011,Yumeiro Harmony
5013,Watashiiro Gift
5014,Heart Voice
5015,Rockin' Emotion
5017,Wonder goes on!!
5018,Kono Sora no Shita
5020,Nebula Sky
5021,Trancing Pulse
5022,Kokoro Moyou
5024,Nagareboshi Kiseki
5025,M@GIC☆
5026,Nocturne
5027,shabon song
5028,STORY
5029,Aikurushii
5030,Flip Flop
5031,Lunatic Show
5032,Kira! Mankai Smile
5033,Etude wa Ikkyoku dake
5034,SUN♡FLOWER
5035,Kyun Kyun Max
5036,Max Beat
5037,TAKAMARI☆ CLIMAXXX!!!!!
5038,Sing the Prologue♪
7003,shabon song ~For SS3A rearrange Mix~
7004,Nocturne ~For SS3A rearrange Mix~
7005,Flip Flop ~For SS3A rearrange Mix~
7006,Aikurushii ~For SS3A rearrange Mix~
7007,Lunatic Show ~For SS3A rearrange Mix~
7008,Kagayaku Sekai no Mahou -Magical Step Forward Remix-
7009,Gokigen Party Night -Dance!!!!!!!!!!!!!!! Remix-
7010,Near to You -PicoPico D'n'B Remix-
7011,CINDERELLA NONSTOP MEDLEY -DJ KOO Mix-
7012,TAKU INOUE SELECTION!!!! feat.DJ KOO
8001,Kimi to Boku no Mirai
8002,Angel Dream
8003,Natsuiro
8004,Sayonara Bus
8005,LOVE & PEACH
8006,Tatta
8007,HOT LIMIT
8008,Ikuze! Kaitou Shoujo
8009,Tomodachi no Uta
8010,Niji
8011,Star Loveration
8012,Tsubasa
8013,LIFE
8014,Momoiro Kataomoi
8015,Hello Especially
8016,Zenryoku☆Summer!
8017,Amairo no Kami no Otome
8018,Kurenai
8019,Humming ga Kikoeru
8020,Hajimete no Chuu
8022,YELLOW YELLOW HAPPY
8023,HIGH PRESSURE
8024,Kimi no Seishun wa Kagayaite Iru ka
8025,RAGE OF DUST
8026,Kaze ni Naritai
8027,Ooki na Furudokei
8028,COLORS
8029,Mosaic Kakera
8030,O2
8031,Revive
8032,EZ DO DANCE
8033,WHITE BREATH
8034,Gakuen Tengoku
8035,STAR
8036,Butter-Fly
8037,brave heart
8038,I wish
8039,Hanareteitemo
8040,Miagete Goran Yoru no Hoshi o
8041,Lost Princess
8042,Connecting Happy!!
8043,OVER THE SKY
8044,Tori no Uta
8045,Alkatale
8046,Toki o Kizamu Uta
8047,My Soul Your Beats!
8048,Sky Clad no Kansokusha
8049,Hacking to the Gate
8050,survival dAnce ~no no cry more~
8051,CRAZY GONNA CRAZY
8052,Overnight Sensation ~Jidai wa Anata ni Yudaneteru
8053,TRF×CG -DJ KOO Mix-
9001,Todoke! Idol
9002,Snow Wings
9003,Tulip
9004,Hi-fi☆Days
9005,Seizon Honnou Valkyria
9006,Junjou Midnight Densetsu
9007,Love Destiny
9008,Samakani !!
9009,BEYOND THE STARLIGHT
9010,Inochi Moyashite Koiseyo Otome
9011,Sweet Witches' Night ~Rokuninme wa Daare~
9012,Sakura no Koro
9013,Nothing but You
9014,With Love
9015,Little Riddle
9016,Illusionista!
9017,Happy New Yeah!
9018,Girls in the Frontier
9019,Doremy Factory
9020,Starry-Go-Round
9021,Girls in the Frontier
9022,Mujuuryoku Shuttle
9023,comic cosmic
9024,TRUE COLORS
9025,Mirror Ball Love
9026,Inshou
9027,Unlock Starbeat
9028,Furachi na CANVAS
9029,Athanasia
9031,Joker
9032,Taiyou no E no Gubako
9033,Go Just Go!
9901,Yes! Party Time!!
9902,Yes! Party Time!!
9903,Vast world
9904,Stage Bye Stage
9906,Aozora Yell
9907,Honoo no Hana
9908,LOVE Has Come
9909,Oumuamua ni Kouun wo